Area,Location,Rooms,Age,Price
3874.0,Suburb,7.0,28,774065
4207.0,Suburb,7.0,12,915695
1560.0,Urban,4.0,11,416248
1994.0,Urban,2.0,30,344864
1830.0,Downtown,2.0,1,429218
1795.0,Outskirts,5.0,34,412510
4472.0,Urban,4.0,22,776265
3792.0,Downtown,7.0,16,932298
2338.0,Rural,6.0,25,421952
2869.0,Rural,4.0,7,613536
1166.0,Downtown,5.0,28,420626
1938.0,Suburb,5.0,25,465435
1030.0,Outskirts,4.0,9,297628
2182.0,Outskirts,5.0,25,481950
2835.0,Downtown,4.0,33,603083
4144.0,Suburb,3.0,6,803776
3871.0,Suburb,4.0,3,768438
3619.0,Urban,4.0,10,736921
4435.0,Urban,5.0,28,818174
830.0,Suburb,5.0,35,286707
2385.0,Urban,2.0,24,474673
4080.0,Outskirts,2.0,20,596344
1469.0,Downtown,3.0,35,330974
3091.0,Suburb,2.0,9,606254
2215.0,Outskirts,4.0,36,421080
4185.0,Rural,5.0,8,759461
3553.0,Urban,2.0,23,630565
3133.0,Urban,2.0,34,555785
1915.0,Downtown,3.0,34,424208
1655.0,Suburb,7.0,35,436959
3024.0,Urban,3.0,17,607715
1884.0,Suburb,4.0,38,364517
1159.0,Suburb,5.0,31,359049
4085.0,Suburb,3.0,23,654810
721.0,Downtown,2.0,22,311960
3000.0,Suburb,,31,619041
1447.0,Suburb,5.0,36,381541
3604.0,Suburb,2.0,11,681454
4332.0,Downtown,3.0,12,894772
1174.0,Rural,2.0,22,254863
1782.0,Urban,7.0,24,465049
3258.0,Urban,5.0,34,606335
4453.0,Outskirts,6.0,29,784051
2747.0,Urban,6.0,16,655493
4247.0,Downtown,4.0,19,855198
3447.0,Urban,2.0,24,587179
1675.0,Urban,2.0,21,378537
2506.0,Outskirts,4.0,12,489402
889.0,Suburb,4.0,18,288057
3705.0,Downtown,4.0,35,671967
3434.0,Suburb,5.0,11,680947
3705.0,Suburb,7.0,18,746391
1262.0,Urban,2.0,11,305024
2599.0,Urban,5.0,8,660737
4338.0,Suburb,4.0,6,789091
1967.0,Rural,2.0,27,410013
3579.0,Urban,5.0,13,765826
2228.0,Suburb,7.0,30,563389
3902.0,Downtown,5.0,18,791237
4256.0,Downtown,7.0,15,962851
1346.0,,4.0,4,388293
2768.0,Downtown,7.0,34,686790
3588.0,Downtown,2.0,11,794423
2914.0,Suburb,4.0,24,574598
1997.0,Downtown,2.0,20,499805
3135.0,Rural,6.0,35,556789
1300.0,Downtown,3.0,22,385775
3063.0,Urban,7.0,15,793298
2761.0,Suburb,3.0,38,469596
941.0,Rural,3.0,38,240176
2741.0,Downtown,7.0,13,756011
3524.0,Suburb,4.0,30,628674
4117.0,Rural,6.0,4,818514
3312.0,Rural,2.0,34,522719
3645.0,Outskirts,,22,702063
2063.0,Suburb,2.0,28,333862
2839.0,Downtown,5.0,10,667010
2090.0,Urban,2.0,17,431437
3703.0,Rural,7.0,11,748315
2178.0,Urban,6.0,8,616644
4199.0,Urban,5.0,9,851580
3256.0,Suburb,4.0,16,599103
1475.0,Outskirts,2.0,37,262307
734.0,Downtown,2.0,6,339131
2953.0,Suburb,5.0,12,663013
3852.0,Suburb,4.0,39,709607
2655.0,Urban,4.0,8,630887
,Suburb,7.0,26,590971
4159.0,Downtown,7.0,1,957304
3773.0,Urban,7.0,4,800086
1721.0,Suburb,7.0,28,505977
4161.0,Urban,7.0,36,839809
3313.0,Downtown,7.0,37,760825
1829.0,Urban,6.0,18,476374
2200.0,Urban,4.0,7,502663
1402.0,Downtown,7.0,0,613140
3149.0,Suburb,4.0,21,616976
3477.0,Downtown,4.0,16,760633
2279.0,Downtown,3.0,6,565051
861.0,Rural,6.0,24,291581
901.0,Suburb,7.0,3,471480
2681.0,Outskirts,2.0,35,404778
1695.0,Suburb,5.0,5,488164
3017.0,Urban,2.0,30,521200
1515.0,Outskirts,6.0,18,406893
4042.0,Urban,5.0,38,740059
1155.0,Urban,6.0,26,414475
4233.0,Suburb,4.0,9,783364
4498.0,Suburb,5.0,25,871171
1975.0,Rural,4.0,18,370189
1716.0,Outskirts,2.0,38,273699
4473.0,Rural,2.0,2,715829
3043.0,Downtown,5.0,12,766664
4496.0,Outskirts,5.0,27,793819
3467.0,Rural,7.0,19,733995
1037.0,Downtown,6.0,27,375685
1578.0,Downtown,7.0,7,592767
1776.0,Outskirts,6.0,38,439777
1491.0,Urban,7.0,0,551620
2964.0,Outskirts,4.0,2,642252
1463.0,Downtown,5.0,12,476715
2935.0,Outskirts,2.0,27,527727
1079.0,Suburb,6.0,24,461521
1192.0,Downtown,6.0,32,424181
3812.0,Downtown,2.0,37,655587
1880.0,Outskirts,7.0,5,586568
2762.0,Urban,6.0,31,674465
,Urban,4.0,20,288660
3268.0,,5.0,15,665313
2067.0,Rural,2.0,20,339518
1852.0,Suburb,5.0,10,447224
2727.0,Outskirts,6.0,36,514627
3395.0,Suburb,6.0,35,642655
2195.0,Suburb,2.0,34,365427
3834.0,Urban,4.0,18,740546
1862.0,Suburb,3.0,19,421378
2222.0,Outskirts,2.0,17,457848
3340.0,Urban,3.0,13,620158
1091.0,Suburb,7.0,14,472191
2398.0,Rural,3.0,30,393230
1118.0,Suburb,4.0,0,384789
3036.0,Urban,7.0,2,783659
1078.0,Rural,3.0,15,214125
2496.0,Urban,7.0,22,647824
4261.0,Downtown,3.0,10,837366
2978.0,Rural,4.0,11,576656
3765.0,Urban,3.0,9,734721
2788.0,Suburb,3.0,31,598756
3799.0,Downtown,3.0,15,732039
2882.0,Outskirts,2.0,7,502395
900.0,Urban,2.0,37,201690
2563.0,Urban,2.0,11,501878
1479.0,Rural,4.0,23,297251
3677.0,Outskirts,7.0,27,773896
3804.0,Downtown,6.0,7,914778
,Suburb,3.0,27,647184
1202.0,Suburb,3.0,35,251648
3154.0,Outskirts,4.0,25,590560
4345.0,Downtown,3.0,7,831472
2451.0,Urban,2.0,27,487793
1504.0,Outskirts,6.0,27,405162
2846.0,Rural,5.0,36,455389
3431.0,Suburb,3.0,35,647003
2595.0,Outskirts,2.0,26,496156
3473.0,Downtown,5.0,16,744772
2270.0,Outskirts,6.0,8,539230
1660.0,Downtown,5.0,32,482405
3360.0,Suburb,2.0,19,604606
2185.0,Outskirts,7.0,12,583949
3390.0,Downtown,7.0,27,857457
1728.0,Suburb,5.0,28,425727
3989.0,Outskirts,4.0,12,695520
1202.0,Outskirts,5.0,34,260004
3514.0,Urban,3.0,5,673877
1097.0,Urban,3.0,17,329921
1570.0,Urban,7.0,4,612610
3542.0,Suburb,4.0,24,647764
1092.0,Suburb,2.0,1,328213
906.0,Downtown,3.0,9,363765
1738.0,Rural,7.0,29,472414
2581.0,Urban,6.0,4,749783
4325.0,Suburb,7.0,32,826920
3639.0,Urban,3.0,0,712330
2184.0,Rural,3.0,17,439806
4462.0,Downtown,7.0,31,951046
4346.0,Urban,2.0,10,838075
1563.0,Urban,5.0,20,469257
3490.0,Urban,3.0,25,633525
4012.0,Downtown,7.0,24,902353
1263.0,Rural,7.0,21,423125
1720.0,Rural,4.0,26,374517
795.0,Urban,5.0,12,379055
2623.0,Urban,6.0,32,634554
2457.0,Rural,2.0,33,412405
3232.0,Outskirts,6.0,34,670856
4178.0,Downtown,5.0,0,927625
2978.0,Urban,5.0,20,641071
3496.0,Urban,5.0,5,762075
2378.0,Suburb,6.0,27,597648
3942.0,Outskirts,5.0,16,708287
1240.0,Rural,7.0,4,436504
1759.0,Rural,6.0,30,387493
3272.0,Urban,5.0,4,729086
1883.0,Downtown,7.0,37,595866
2422.0,Rural,4.0,2,510768
4014.0,Outskirts,5.0,22,733585
3857.0,Downtown,6.0,36,752385
2519.0,Rural,3.0,36,428779
3325.0,Rural,5.0,9,665592
3429.0,Urban,3.0,9,753274
3304.0,Urban,7.0,18,746788
2297.0,Suburb,,16,519250
3760.0,Downtown,2.0,20,715128
3393.0,Suburb,4.0,13,727731
1495.0,Outskirts,5.0,8,410965
,Downtown,3.0,0,514906
2343.0,Suburb,3.0,12,519296
4327.0,Suburb,6.0,3,894811
2063.0,Urban,3.0,0,493195
2681.0,Rural,6.0,39,514633
2054.0,Suburb,7.0,31,567637
2363.0,Suburb,2.0,33,382392
2229.0,Outskirts,5.0,27,474214
2738.0,Urban,6.0,30,593816
4119.0,Suburb,2.0,7,770987
2196.0,Urban,3.0,38,379128
4002.0,Downtown,3.0,25,738218
2937.0,Downtown,2.0,33,571882
3996.0,Urban,3.0,2,829233
2108.0,Suburb,7.0,11,585319
,Rural,7.0,0,534568
2006.0,Suburb,2.0,4,506680
3380.0,Urban,6.0,29,660020
3375.0,Urban,6.0,29,633042
1672.0,Downtown,2.0,16,439481
2468.0,Urban,6.0,22,582948
1982.0,Downtown,6.0,14,556737
4130.0,Rural,7.0,36,772992
1409.0,Downtown,6.0,20,505793
2179.0,Suburb,4.0,13,482817
2134.0,Downtown,5.0,1,571449
1348.0,Rural,3.0,10,334256
1017.0,Urban,4.0,38,320137
4448.0,Urban,6.0,37,836749
3996.0,Downtown,7.0,33,921572
1957.0,Outskirts,2.0,37,279027
1383.0,Suburb,6.0,33,347727
1363.0,Rural,7.0,17,384103
2698.0,Suburb,5.0,29,563624
4145.0,Downtown,6.0,14,903817
4443.0,Downtown,2.0,26,778577
2331.0,Urban,7.0,33,596162
2195.0,Urban,7.0,37,510996
4004.0,Downtown,7.0,32,911092
4463.0,Outskirts,5.0,23,789445
1836.0,,6.0,14,571145
2553.0,Urban,5.0,29,576915
2220.0,Suburb,3.0,16,486786
3189.0,Suburb,3.0,4,656402
1263.0,Urban,6.0,28,432490
1991.0,Downtown,5.0,3,613735
4281.0,Downtown,2.0,9,853360
4157.0,Rural,7.0,16,808858
4158.0,Rural,7.0,9,844435
3884.0,Suburb,,16,790619
2336.0,Suburb,3.0,19,529944
4396.0,Urban,3.0,23,754266
3699.0,Suburb,7.0,4,890893
3852.0,Downtown,6.0,33,805374
1398.0,,5.0,5,453143
2860.0,Outskirts,3.0,1,567384
701.0,Urban,5.0,12,324303
1341.0,Downtown,3.0,10,452163
2967.0,Suburb,3.0,22,537538
2289.0,Suburb,,15,497344
1554.0,Urban,3.0,30,296426
2459.0,Downtown,2.0,10,533429
3996.0,Downtown,6.0,15,787104
3132.0,Outskirts,6.0,7,620543
4174.0,Downtown,5.0,3,923475
2361.0,Urban,3.0,39,480543
1853.0,Suburb,2.0,3,436811
1776.0,Downtown,5.0,24,474796
2407.0,Suburb,4.0,2,560310
3477.0,,5.0,31,634154
2395.0,Rural,5.0,2,489757
2433.0,Outskirts,3.0,26,493239
2139.0,Suburb,4.0,28,490168
2994.0,Urban,5.0,31,613926
1535.0,Suburb,2.0,18,340841
4210.0,Suburb,2.0,20,716693
902.0,Rural,6.0,4,274819
3955.0,Downtown,4.0,17,792549
822.0,Downtown,4.0,27,313711
1100.0,Suburb,6.0,21,356443
1466.0,Downtown,5.0,20,465401
993.0,Downtown,4.0,5,479439
3027.0,Urban,2.0,0,636210
3631.0,Suburb,2.0,4,648349
4381.0,Rural,3.0,11,745880
